DRO PID, Title, Publication Type, Authors, ISSN, Parent Publication,Fields Of Research, Publication Year, Scopus Citation Count, Web of Science Citation Count, Journal Impact Factor, SJR, Abstract Views, File Downloads, URL, Open Access
DU:30108006,"Nitrogen deposition in precipitation to a monsoon-affected eutrophic embayment: fluxes, sources, and processes",Journal Article,"Wu, Yunchao;Zhang, Jingping;Liu, Songlin;Jiang, Zhijian;Arbi, Iman;Huang, Xiaoping;Macreadie, Peter Ian",1352-2310,Atmospheric environment,"0907 Environmental Engineering,0401 Atmospheric Sciences,0907 Environmental Engineering,0401 Atmospheric Sciences",2018,2,,3.629,1.466,56,2,http://dro.deakin.edu.au/view/DU:30108006,FALSE
DU:30076247,Short-term differences in animal assemblages in patches formed by loss and growth of habitat,Journal Article,"Macreadie, Peter I.;Connolly, Rod M.;Keough, Michael J.;Jenkins, Gregory P.;Hindell, Jeremy S.",1442-9985,Austral ecology,"060202 Community Ecology (excl Invasive Species Ecology),060205 Marine and Estuarine Ecology (incl Marine Ichthyology),060202 Community Ecology (excl Invasive Species Ecology),060205 Marine and Estuarine Ecology (incl Marine Ichthyology)",2010,5,,1.708,0.897,206,1,http://dro.deakin.edu.au/view/DU:30076247,FALSE
DU:30087849,Can mud (silt and clay) concentration be used to predict soil organic carbon content within seagrass ecosystems?,Journal Article,"Serrano, O;Lavery, PS;Duarte, CM;Kendrick, GA;Calafat, A;York, PH;Steven, A;Macreadie, Peter",1726-4170,Biogeosciences,"04 Earth Sciences,05 Environmental Sciences,06 Biological Sciences",2016,11,14,3.851,2.328,3,0,http://dro.deakin.edu.au/view/DU:30087849,FALSE
DU:30103967,Sediment and carbon deposition vary among vegetation assemblages in a coastal salt marsh,Journal Article,"Kelleway, Jeffrey J.;Saintilan, Neil;Macreadie, Peter I.;Baldock, Jeffrey A.;Ralph, Peter J.",1726-4170,Biogeosciences,"040310 Sedimentology,050301 Carbon Sequestration Science,069999 Biological Sciences not elsewhere classified,04 Earth Sciences,05 Environmental Sciences,06 Biological Sciences",2017,3,2,3.851,2.328,114,20,http://dro.deakin.edu.au/view/DU:30103967,TRUE
DU:30083086,Can mud (silt and clay) concentration be used to predict soil organic carbon content within seagrass ecosystems?,Journal Article,"Serrano, Oscar;Lavery, Paul S.;Duarte, Carlos M.;Kendrick, Gary A.;Calafat, Antoni;York, Paul;Steven, Andy;Macreadie, Peter",1726-4189,Biogeosciences,"060205 Marine and Estuarine Ecology (incl Marine Ichthyology),060701 Phycology (incl Marine Grasses)",2016,,14,3.851,2.328,168,120,http://dro.deakin.edu.au/view/DU:30083086,TRUE
DU:30087849,Can mud (silt and clay) concentration be used to predict soil organic carbon content within seagrass ecosystems?,Journal Article,"Serrano, O;Lavery, PS;Duarte, CM;Kendrick, GA;Calafat, A;York, PH;Steven, A;Macreadie, Peter",1726-4189,Biogeosciences,"04 Earth Sciences,05 Environmental Sciences,06 Biological Sciences",2016,11,14,3.851,2.328,3,0,http://dro.deakin.edu.au/view/DU:30087849,FALSE
DU:30103967,Sediment and carbon deposition vary among vegetation assemblages in a coastal salt marsh,Journal Article,"Kelleway, Jeffrey J.;Saintilan, Neil;Macreadie, Peter I.;Baldock, Jeffrey A.;Ralph, Peter J.",1726-4189,Biogeosciences,"040310 Sedimentology,050301 Carbon Sequestration Science,069999 Biological Sciences not elsewhere classified,04 Earth Sciences,05 Environmental Sciences,06 Biological Sciences",2017,3,2,3.851,2.328,114,20,http://dro.deakin.edu.au/view/DU:30103967,TRUE
DU:30117107,Blue carbon stocks of great barrier reef deep-water seagrasses,Journal Article,"York, PH;Macreadie, Peter;Rasheed, MA",1744-9561,Biology Letters,06 Biological Sciences,2018,,,3.089,1.653,0,0,http://dro.deakin.edu.au/view/DU:30117107,FALSE
DU:30114032,Optimal soil carbon sampling designs to achieve cost-effectiveness: a case study in blue carbon ecosystems,Journal Article,"Young, Mary;Macreadie, Peter;Duncan, Clare;Carnell, Paul;Nicholson, Emily;Serrano, Oscar;Duarte, Carlos M.;Shiell, Glenn;Baldock, Jeff;Ierodiaconou, Daniel",1744-957X,Biology letters,06 Biological Sciences,2018,0,0,3.089,1.653,15,0,http://dro.deakin.edu.au/view/DU:30114032,FALSE
DU:30117107,Blue carbon stocks of great barrier reef deep-water seagrasses,Journal Article,"York, PH;Macreadie, Peter;Rasheed, MA",1744-957X,Biology Letters,06 Biological Sciences,2018,,,3.089,1.653,0,0,http://dro.deakin.edu.au/view/DU:30117107,FALSE
DU:30076244,Design of endoperoxides with anti-Candida activity,Journal Article,"Avery, Thomas D.;Macreadie, Peter I.;Greatrex, Ben W.;Robinson, Tony V.;Taylor, Dennis K.;Macreadie, Ian G.",0968-0896,Bioorganic & medicinal chemistry,030503 Organic Chemical Synthesis,2007,9,8,2.93,0.978,154,0,http://dro.deakin.edu.au/view/DU:30076244,FALSE
DU:30076250,Novel endoperoxides: synthesis and activity against Candida species,Journal Article,"Macreadie, Peter;Avery, Thomas;Greatrex, Ben;Taylor, Dennis;Macreadie, Ian",0960-894X,Bioorganic & medicinal chemistry letters,030503 Organic Chemical Synthesis,2006,12,10,2.454,0.843,162,0,http://dro.deakin.edu.au/view/DU:30076250,FALSE
DU:30076240,Fish responses to experimental fragmentation of seagrass habitat,Journal Article,"Macreadie, Peter I.;Hindell, Jeremy S.;Jenkins, Gregory P.;Connolly, Rod M.;Keough, Michael J.",1523-1739,Conservation biology,"050102 Ecosystem Function,060205 Marine and Estuarine Ecology (incl Marine Ichthyology),060701 Phycology (incl Marine Grasses),050102 Ecosystem Function,060205 Marine and Estuarine Ecology (incl Marine Ichthyology),060701 Phycology (incl Marine Grasses)",2009,49,42,4.842,2.681,208,1,http://dro.deakin.edu.au/view/DU:30076240,FALSE
DU:30047793,"Development of twenty-three novel microsatellite markers for the seagrass, Zostera muelleri from Australia",Journal Article,"Sherman, Craig D. H.;Stanley, Annalise M.;Keough, Michael J.;Gardner, Michael G.;Macreadie, Peter I.",1877-7252,Conservation genetics resources,069999 Biological Sciences not elsewhere classified,2012,9,9,0.47,0.321,371,5,http://dro.deakin.edu.au/view/DU:30047793,FALSE
DU:30057760,Microsatellite primer development for the seagrass Zostera nigricaulis (Zosteraceae),Journal Article,"Smith, Timothy M.;York, Paul H.;Stanley, Annalise M.;Macreadie, Peter I.;Keough, Michael J.;Ross, D. Jeff;Sherman, Craig D.H.",1877-7252,Conservation genetics resources,059999 Environmental Sciences not elsewhere classified,2013,8,7,0.47,0.321,283,2,http://dro.deakin.edu.au/view/DU:30057760,FALSE
DU:30047793,"Development of twenty-three novel microsatellite markers for the seagrass, Zostera muelleri from Australia",Journal Article,"Sherman, Craig D. H.;Stanley, Annalise M.;Keough, Michael J.;Gardner, Michael G.;Macreadie, Peter I.",1877-7260,Conservation genetics resources,069999 Biological Sciences not elsewhere classified,2012,9,9,0.47,0.321,371,5,http://dro.deakin.edu.au/view/DU:30047793,FALSE
DU:30057760,Microsatellite primer development for the seagrass Zostera nigricaulis (Zosteraceae),Journal Article,"Smith, Timothy M.;York, Paul H.;Stanley, Annalise M.;Macreadie, Peter I.;Keough, Michael J.;Ross, D. Jeff;Sherman, Craig D.H.",1877-7260,Conservation genetics resources,059999 Environmental Sciences not elsewhere classified,2013,8,7,0.47,0.321,283,2,http://dro.deakin.edu.au/view/DU:30057760,FALSE
DU:30113387,Cryopreservation methods are effective for long-term storage of Labyrinthula cultures,Journal Article,"Trevathan-Tackett, Stacey M.;Treby, Sarah;Gleason, Frank H.;Macreadie, Peter I.;Loke, Stella",0177-5103,Diseases of aquatic organisms,"06 Biological Sciences,07 Agricultural And Veterinary Sciences",2018,0,0,1.549,0.858,29,3,http://dro.deakin.edu.au/view/DU:30113387,FALSE
DU:30072027,Molecular indicators of chronic seagrass stress : A new era in the management of seagrass ecosystems?,Journal Article,"Macreadie,PI;Schliep,MT;Rasheed,MA;Chartrand,KM;Ralph,PJ",1470-160X,Ecological indicators,060205 Marine and Estuarine Ecology (incl Marine Ichthyology),2014,14,,3.898,1.308,29,1,http://dro.deakin.edu.au/view/DU:30072027,FALSE
DU:30080765,Comparison of marine macrophytes for their contributions to blue carbon sequestration,Journal Article,"Trevathan-Tackett, Stacey;Kelleway, Jeffrey;Macreadie, Peter I.;Beardall, John;Ralph, Peter;Bellgrove, Alecia",0012-9658,Ecology,"060701 Phycology (incl Marine Grasses),0501 Ecological Applications,0602 Ecology",2015,31,24,4.809,3.255,221,16,http://dro.deakin.edu.au/view/DU:30080765,TRUE
DU:30076238,Resource distribution influences positive edge effects in a seagrass fish,Journal Article,"Macreadie, Peter I.;Hindell, Jeremy S.;Keough, Michael J.;Jenkins, Gregory P.;Connolly, Rod M.",0012-9658,Ecology,"050102 Ecosystem Function,060202 Community Ecology (excl Invasive Species Ecology),060201 Behavioural Ecology",2010,37,33,4.809,3.255,175,1,http://dro.deakin.edu.au/view/DU:30076238,FALSE
DU:30062636,Resilience of Zostera muelleri seagrass to small-scale disturbances : the relative importance of asexual versus sexual recovery,Journal Article,"Macreadie, Peter I.;York, Paul H.;Sherman, Craig D.H.",2045-7758,Ecology and evolution,059999 Environmental Sciences not elsewhere classified,2014,24,22,2.44,1.579,294,5,http://dro.deakin.edu.au/view/DU:30062636,TRUE
DU:30095972,Variability and vulnerability of coastal ‘blue carbon’ stocks: a case study from Southeast Australia,Journal Article,"Ewers Lewis, Carolyn J.;Carnell, Paul E.;Sanderman, Jonathon;Baldock, Jeffrey A.;Macreadie, Peter I.",1432-9840,Ecosystems,"050101 Ecological Impacts of Climate Change,050301 Carbon Sequestration Science,060701 Phycology (incl Marine Grasses),05 Environmental Sciences,06 Biological Sciences",2018,6,,4.198,2.013,172,2,http://dro.deakin.edu.au/view/DU:30095972,FALSE
DU:30082966,Sedimentary factors are key predictors of carbon storage in SE Australian saltmarshes,Journal Article,"Kelleway, Jeffrey J.;Saintilan, Neil;Macreadie, Peter I.;Ralph, Peter J.",1435-0629,Ecosystems,"050102 Ecosystem Function,060205 Marine and Estuarine Ecology (incl Marine Ichthyology),050102 Ecosystem Function,060205 Marine and Estuarine Ecology (incl Marine Ichthyology)",2016,21,15,4.198,2.013,163,2,http://dro.deakin.edu.au/view/DU:30082966,FALSE
DU:30095972,Variability and vulnerability of coastal ‘blue carbon’ stocks: a case study from Southeast Australia,Journal Article,"Ewers Lewis, Carolyn J.;Carnell, Paul E.;Sanderman, Jonathon;Baldock, Jeffrey A.;Macreadie, Peter I.",1435-0629,Ecosystems,"050101 Ecological Impacts of Climate Change,050301 Carbon Sequestration Science,060701 Phycology (incl Marine Grasses),05 Environmental Sciences,06 Biological Sciences",2018,6,,4.198,2.013,172,2,http://dro.deakin.edu.au/view/DU:30095972,FALSE
DU:30108614,A global map of mangrove forest soil carbon at 30 m spatial resolution,Journal Article,"Sanderman, Jonathan;Hengl, Tomislav;Fiske, Greg;Solvik, Kylen;Adame, Maria Fernanda;Benson, Lisa;Bukoski, Jacob J.;Carnell, Paul;Cifuentes-Jara, Miguel;Donato, Daniel;Duncan, Clare;Eid, Ebrahem M.;zu Ermgassen, Philine;Lewis, Carolyn J Ewers;Macreadie, Peter I.;Glass, Leah;Gress, Selena;Jardine, Sunny L.;Jones, Trevor G.;Nsombo, Eugéne Ndemem;Rahman, Md Mizanur;Sanders, Christian J.;Spalding, Mark;Landis, Emily",1748-9318,Environmental research letters,MD Multidisciplinary,2018,6,8,4.404,2.628,59,14,http://dro.deakin.edu.au/view/DU:30108614,TRUE
DU:30106405,Comment on 'geoengineering with seagrasses: is credit due where credit is given?',Journal Article,"Macreadie, Peter I.;Ewers-Lewis, Carolyn J.;Whitt, Ashley A.;Ollivier, Quinn;Trevathan-Tackett, Stacey M.;Carnell, Paul;Serrano, Oscar",1748-9326,Environmental research letters,MD Multidisciplinary,2018,4,3,4.404,2.628,23,6,http://dro.deakin.edu.au/view/DU:30106405,TRUE
DU:30080769,Response to “comment on ‘seagrass viviparous propagules as a potential long-distance dispersal mechanism’ by A. C. G. Thomson et al”,Journal Article,"Thomson, Alexandra C. G.;York, Paul H.;Smith, Tim M.;Sherman, Craig D. H.;Booth, David J.;Keough, Michael J.;Ross, D. Jeff;Macreadie, Peter I.",1559-2723,Estuaries and coasts,"060205 Marine and Estuarine Ecology (incl Marine Ichthyology),04 Earth Sciences,05 Environmental Sciences,06 Biological Sciences",2016,0,0,2.182,1.064,24,1,http://dro.deakin.edu.au/view/DU:30080769,FALSE
DU:30072030,Seagrass viviparous propagules as a potential long-distance dispersal mechanism,Journal Article,"Thomson, Alexandra C. G.;York, Paul H.;Smith, Timothy M.;Sherman, Craig D. H.;Booth, David J.;Keough, Michael J.;Ross, D. Jeff;Macreadie, Peter I.",1559-2723,Estuaries and coasts,060205 Marine and Estuarine Ecology (incl Marine Ichthyology),2015,17,16,2.182,1.064,266,3,http://dro.deakin.edu.au/view/DU:30072030,FALSE
DU:30080769,Response to “comment on ‘seagrass viviparous propagules as a potential long-distance dispersal mechanism’ by A. C. G. Thomson et al”,Journal Article,"Thomson, Alexandra C. G.;York, Paul H.;Smith, Tim M.;Sherman, Craig D. H.;Booth, David J.;Keough, Michael J.;Ross, D. Jeff;Macreadie, Peter I.",1559-2731,Estuaries and coasts,"060205 Marine and Estuarine Ecology (incl Marine Ichthyology),04 Earth Sciences,05 Environmental Sciences,06 Biological Sciences",2016,0,0,2.182,1.064,24,1,http://dro.deakin.edu.au/view/DU:30080769,FALSE
DU:30072030,Seagrass viviparous propagules as a potential long-distance dispersal mechanism,Journal Article,"Thomson, Alexandra C. G.;York, Paul H.;Smith, Timothy M.;Sherman, Craig D. H.;Booth, David J.;Keough, Michael J.;Ross, D. Jeff;Macreadie, Peter I.",1559-2731,Estuaries and coasts,060205 Marine and Estuarine Ecology (incl Marine Ichthyology),2015,17,16,2.182,1.064,266,3,http://dro.deakin.edu.au/view/DU:30072030,FALSE
DU:30096928,Sediment anoxia limits microbial-driven seagrass carbon remineralization under warming conditions,Journal Article,"Trevathan-Tackett, Stacey M.;Seymour, Justin R.;Nielsen, Daniel A.;Macreadie, Peter I.;Jeffries, Thomas C.;Sanderman, Jonathan;Baldock, Jeff;Howes, Johanna M.;Steven, Andrew D.L.;Ralph, Peter J.",0168-6496,FEMS microbiology ecology,"050101 Ecological Impacts of Climate Change,060701 Phycology (incl Marine Grasses),06 Biological Sciences,11 Medical And Health Sciences,05 Environmental Sciences,050101 Ecological Impacts of Climate Change,060701 Phycology (incl Marine Grasses),06 Biological Sciences,11 Medical And Health Sciences,05 Environmental Sciences",2017,9,8,3.72,1.396,124,14,http://dro.deakin.edu.au/view/DU:30096928,TRUE
DU:30076249,Growth inhibition of Candida species and Aspergillus fumigatus by statins,Journal Article,"Macreadie, Ian G.;Johnson, Georgia;Schlosser, Tanja;Macreadie, Peter I.",0378-1097,FEMS microbiology letters,030503 Organic Chemical Synthesis,2006,71,63,1.765,0.747,163,0,http://dro.deakin.edu.au/view/DU:30076249,FALSE
DU:30076243,Alzheimer's Abeta fused to green fluorescent protein induces growth stress and a heat shock response,Journal Article,"Caine, Jo;Sankovich, Sonia;Antony, Helma;Waddington, Lynne;Macreadie, Peter;Varghese, Jose;Macreadie, Ian",1567-1356,FEMS yeast research,110106 Medical Biochemistry: Proteins and Peptides (incl Medical Proteomics),2007,42,42,3.299,1.146,179,0,http://dro.deakin.edu.au/view/DU:30076243,FALSE
DU:30095971,Can we manage coastal ecosystems to sequester more blue carbon?,Journal Article,"Macreadie, Peter I.;Nielsen, Daniel A.;Kelleway, Jeffrey J.;Atwood, Trisha B.;Seymour, Justin R.;Petrou, Katherina;Connolly, Rod M.;Thomson, Alexandra C.G.;Trevathan-Tackett, Stacey M.;Ralph, Peter J.",1540-9295,Frontiers in ecology and the environment,"050301 Carbon Sequestration Science,050205 Environmental Management,MD Multidisciplinary",2017,21,20,8.039,4.779,158,27,http://dro.deakin.edu.au/view/DU:30095971,TRUE
DU:30096891,Assessing the risk of carbon dioxide emissions from blue carbon ecosystems,Journal Article,"Lovelock, Catherine E.;Atwood, Trisha;Baldock, Jeff;Duarte, Carlos M.;Hickey, Sharyn;Lavery, Paul S.;Masque, Pere;Macreadie, Peter I.;Ricart, Aurora M.;Serrano, Oscar;Steven, Andy",1540-9295,Frontiers in ecology and the environment,"050101 Ecological Impacts of Climate Change,050301 Carbon Sequestration Science,MD Multidisciplinary",2017,14,16,8.039,4.779,140,13,http://dro.deakin.edu.au/view/DU:30096891,TRUE
DU:30113388,Environmental benefits of leaving offshore infrastructure in the ocean,Journal Article,"Fowler, Ashley M;Jørgensen, Anne-Mette;Svendsen, Jon C;Macreadie, Peter I;Jones, Daniel OB;Boon, Arjen R;Booth, David J;Brabant, Robin;Callahan, Emily;Claisse, Jeremy T;Dahlgren, Thomas G;Degraer, Steven;Dokken, Quenton R;Gill, Andrew B;Johns, David G;Leewis, Robert J;Lindeboom, Han J;Linden, Olof;May, Roel;Murk, Albertinka J;Ottersen, Geir;Schroeder, Donna M;Shastri, Sunil M;Teilmann, Jonas;Todd, Victoria;Van Hoey, Gert;Vanaverbeke, Jan;Coolen, Joop W",1540-9295,Frontiers in ecology and the environment,MD Multidisciplinary,2018,1,,8.039,4.779,27,0,http://dro.deakin.edu.au/view/DU:30113388,FALSE
DU:30076237,Rigs-to-reefs policy: can science trump public sentiment?,Journal Article,"Macreadie, Peter I.;Fowler, Ashley M.;Booth, David J.",1540-9295,Frontiers in ecology and the environment,060205 Marine and Estuarine Ecology (incl Marine Ichthyology),2012,12,9,8.039,4.779,14,1,http://dro.deakin.edu.au/view/DU:30076237,FALSE
DU:30069777,Rigs-to-reefs: Will the deep sea benefit from artificial habitat?,Journal Article,"Macreadie,PI;Fowler,AM;Booth,DJ",1540-9295,Frontiers in ecology and the environment,060205 Marine and Estuarine Ecology (incl Marine Ichthyology),2011,72,41,8.039,4.779,193,2,http://dro.deakin.edu.au/view/DU:30069777,FALSE
DU:30095971,Can we manage coastal ecosystems to sequester more blue carbon?,Journal Article,"Macreadie, Peter I.;Nielsen, Daniel A.;Kelleway, Jeffrey J.;Atwood, Trisha B.;Seymour, Justin R.;Petrou, Katherina;Connolly, Rod M.;Thomson, Alexandra C.G.;Trevathan-Tackett, Stacey M.;Ralph, Peter J.",1540-9309,Frontiers in ecology and the environment,"050301 Carbon Sequestration Science,050205 Environmental Management,MD Multidisciplinary",2017,21,20,8.039,4.779,158,27,http://dro.deakin.edu.au/view/DU:30095971,TRUE
DU:30113388,Environmental benefits of leaving offshore infrastructure in the ocean,Journal Article,"Fowler, Ashley M;Jørgensen, Anne-Mette;Svendsen, Jon C;Macreadie, Peter I;Jones, Daniel OB;Boon, Arjen R;Booth, David J;Brabant, Robin;Callahan, Emily;Claisse, Jeremy T;Dahlgren, Thomas G;Degraer, Steven;Dokken, Quenton R;Gill, Andrew B;Johns, David G;Leewis, Robert J;Lindeboom, Han J;Linden, Olof;May, Roel;Murk, Albertinka J;Ottersen, Geir;Schroeder, Donna M;Shastri, Sunil M;Teilmann, Jonas;Todd, Victoria;Van Hoey, Gert;Vanaverbeke, Jan;Coolen, Joop W",1540-9309,Frontiers in ecology and the environment,MD Multidisciplinary,2018,1,,8.039,4.779,27,0,http://dro.deakin.edu.au/view/DU:30113388,FALSE
DU:30076237,Rigs-to-reefs policy: can science trump public sentiment?,Journal Article,"Macreadie, Peter I.;Fowler, Ashley M.;Booth, David J.",1540-9309,Frontiers in ecology and the environment,060205 Marine and Estuarine Ecology (incl Marine Ichthyology),2012,12,9,8.039,4.779,14,1,http://dro.deakin.edu.au/view/DU:30076237,FALSE
DU:30069777,Rigs-to-reefs: Will the deep sea benefit from artificial habitat?,Journal Article,"Macreadie,PI;Fowler,AM;Booth,DJ",1540-9309,Frontiers in ecology and the environment,060205 Marine and Estuarine Ecology (incl Marine Ichthyology),2011,72,41,8.039,4.779,193,2,http://dro.deakin.edu.au/view/DU:30069777,FALSE
DU:30098473,A global assessment of the chemical recalcitrance of seagrass tissues: Implications for long-term carbon sequestration,Journal Article,"Trevathan-Tackett, Stacey M.;Macreadie, Peter I.;Sanderman, Jonathan;Baldock, Jeff;Howes, Johanna M.;Ralph, Peter J.",1664-462X,Frontiers in plant science,"060299 Ecology not elsewhere classified,050205 Environmental Management",2017,7,,4.298,1.917,109,13,http://dro.deakin.edu.au/view/DU:30098473,TRUE
DU:30107887,The role of herbivory in structuring tropical seagrass ecosystem service delivery,Journal Article,"Scott, Abigail L.;York, Paul H.;Duncan, Clare;Macreadie, Peter I.;Connolly, Rod M.;Ellis, Megan T.;Jarvis, Jessie C.;Jinks, Kristin I.;Marsh, Helene;Rasheed, Michael A.",1664-462X,Frontiers in plant science,,2018,3,3,4.298,1.917,61,1,http://dro.deakin.edu.au/view/DU:30107887,FALSE
DU:30111613,Highly disturbed populations of seagrass show increased resilience but lower genotypic diversity,Journal Article,"Connolly, Rod M.;Smith, Timothy M.;Maxwell, Paul S.;Olds, Andrew D.;Macreadie, Peter I.;Sherman, Craig D. H.",1664-462X,Frontiers in plant science,,2018,0,0,4.298,1.917,41,5,http://dro.deakin.edu.au/view/DU:30111613,TRUE
DU:30093435,Is demineralization with dilute hydrofluoric acid a viable method for isolating mineral stabilized soil organic matter?,Journal Article,"Sanderman, Jonathan;Farrell, Mark;Macreadie, Peter I.;Hayes, Matthew;McGowan, Janine;Baldock, Jeff",0016-7061,Geoderma,"050301 Carbon Sequestration Science,05 Environmental Sciences,06 Biological Sciences,07 Agricultural And Veterinary Sciences",2017,6,,4.036,1.551,129,1,http://dro.deakin.edu.au/view/DU:30093435,FALSE
DU:30108003,"Invasive cordgrass (Spartina spp.) in south-eastern Australia induces island formation, salt marsh development, and carbon storage",Journal Article,"Kennedy, David M.;Konlechner, Teresa;Zavadil, Elisa;Mariani, Michela;Wong, Vanessa;Ierodiaconou, Daniel;Macreadie, Peter",1745-5863,Geographical research,"MD Multidisciplinary,MD Multidisciplinary",2018,0,0,1.677,0.833,59,2,http://dro.deakin.edu.au/view/DU:30108003,FALSE
DU:30069779,Paleoreconstruction of estuarine sediments reveal human-induced weakening of coastal carbon sinks,Journal Article,"Macreadie,Peter I;Allen,Katie;Kelaher,Brendan P;Ralph,Peter J;Skilbeck,Charles G",1354-1013,Global change biology,060205 Marine and Estuarine Ecology (incl Marine Ichthyology),2012,45,41,8.502,4.768,183,2,http://dro.deakin.edu.au/view/DU:30069779,FALSE
DU:30080774,Seventy years of continuous encroachment substantially increases 'blue carbon' capacity as mangroves replace intertidal salt marshes,Journal Article,"Kelleway, Jeffrey J.;Saintilan, Neil;Macreadie, Peter I.;Skilbeck, Charles G.;Zawadzki, Atun;Ralph, Peter J.",1365-2486,Global change biology,"060205 Marine and Estuarine Ecology (incl Marine Ichthyology),06 Biological Sciences,05 Environmental Sciences,060205 Marine and Estuarine Ecology (incl Marine Ichthyology),06 Biological Sciences,05 Environmental Sciences",2016,42,39,8.502,4.768,202,3,http://dro.deakin.edu.au/view/DU:30080774,FALSE
DU:30113383,"Carbon stocks, sequestration, and emissions of wetlands in south eastern Australia",Journal Article,"Carnell, Paul E.;Windecker, Saras M.;Brenker, Madeline;Baldock, Jeff;Masque, Pere;Brunt, Kate;Macreadie, Peter I.",1365-2486,Global change biology,"06 Biological Sciences,05 Environmental Sciences",2018,1,0,8.502,4.768,37,1,http://dro.deakin.edu.au/view/DU:30113383,FALSE
DU:30115725,Punching above their weight: Large release of greenhouse gases from small agricultural dams.,Journal Article,"Ollivier, Quinn;Maher, DT;Pitfield, C;Macreadie, Peter",1365-2486,Glob Chang Biol,"06 Biological Sciences,05 Environmental Sciences",2018,,,8.502,4.768,0,0,http://dro.deakin.edu.au/view/DU:30115725,FALSE
DU:30069779,Paleoreconstruction of estuarine sediments reveal human-induced weakening of coastal carbon sinks,Journal Article,"Macreadie,Peter I;Allen,Katie;Kelaher,Brendan P;Ralph,Peter J;Skilbeck,Charles G",1365-2486,Global change biology,060205 Marine and Estuarine Ecology (incl Marine Ichthyology),2012,45,41,8.502,4.768,183,2,http://dro.deakin.edu.au/view/DU:30069779,FALSE
DU:30105910,Rare long-distance dispersal of a marine angiosperm across the Pacific Ocean,Journal Article,"Smith, Timothy M.;York, Paul H.;Broitman, Bernardo R.;Thiel, Martin;Hays, Graeme C.;van Sebille, Erik;Putman, Nathan F.;Macreadie, Peter I.;Sherman, Craig D. H.",1466-822X,Global ecology and biogeography,"0602 Ecology,0501 Ecological Applications,0602 Ecology,0501 Ecological Applications",2018,4,4,6.045,4.061,95,1,http://dro.deakin.edu.au/view/DU:30105910,FALSE
DU:30106229,"Effects of small-scale, shading-induced seagrass loss on blue carbon storage: implications for management of degraded seagrass ecosystems",Journal Article,"Trevathan-Tackett, Stacey M.;Wessel, Caitlin;Cebrián, Just;Ralph, Peter J.;Masqué, Pere;Macreadie, Peter I.",0021-8901,Journal of applied ecology,"0501 Ecological Applications,0502 Environmental Science And Management,0602 Ecology,0501 Ecological Applications,0502 Environmental Science And Management,0602 Ecology",2018,1,0,5.301,2.869,57,1,http://dro.deakin.edu.au/view/DU:30106229,FALSE
DU:30115137,Beach-cast seagrass wrack contributes substantially to global greenhouse gas emissions.,Journal Article,"Liu, S;Trevathan-Tackett, Stacey;Ewers Lewis, CJ;Ollivier, QR;Jiang, Z;Huang, X;Macreadie, Peter",1095-8630,J Environ Manage,MD Multidisciplinary,2018,,,4.01,1.141,0,0,http://dro.deakin.edu.au/view/DU:30115137,FALSE
DU:30076239,"An osmotic induction method for externally marking saltwater fishes, Stigmatopora argus and Stigmatopora nigra, with calcein",Journal Article,"Smith, J.E.;Macreadie, P.I.;Swearer, S.E.",0022-1112,Journal of fish biology,070402 Aquatic Ecosystem Studies and Stock Assessment,2010,5,3,1.519,0.741,170,1,http://dro.deakin.edu.au/view/DU:30076239,FALSE
DU:30072025,Fish assemblages associated with oil industry structures on the continental shelf of north-western Australia,Journal Article,"Pradella,N;Fowler,AM;Booth,DJ;Macreadie,PI",1095-8649,Journal of fish biology,060205 Marine and Estuarine Ecology (incl Marine Ichthyology),2014,22,14,1.519,0.741,221,2,http://dro.deakin.edu.au/view/DU:30072025,FALSE
DU:30076246,Feeding ecology of King George whiting Sillaginodes punctatus (Perciformes) recruits in seagrass and unvegetated habitats. Does diet reflect habitat utilization?,Journal Article,"Jenkins, G.P.;Syme, A.;Macreadie, P.I.",1095-8649,Journal of fish biology,"060205 Marine and Estuarine Ecology (incl Marine Ichthyology),060701 Phycology (incl Marine Grasses)",2011,3,3,1.519,0.741,207,2,http://dro.deakin.edu.au/view/DU:30076246,FALSE
DU:30076239,"An osmotic induction method for externally marking saltwater fishes, Stigmatopora argus and Stigmatopora nigra, with calcein",Journal Article,"Smith, J.E.;Macreadie, P.I.;Swearer, S.E.",1095-8649,Journal of fish biology,070402 Aquatic Ecosystem Studies and Stock Assessment,2010,5,3,1.519,0.741,170,1,http://dro.deakin.edu.au/view/DU:30076239,FALSE
DU:30109355,Geochemical analyses reveal the importance of environmental history for blue carbon sequestration,Journal Article,"Kelleway, J. J.;Saintilan, N.;Macreadie, P. I.;Baldock, J. A.;Heijnis, H.;Zawadzki, A.;Gadd, P.;Jacobsen, G.;Ralph, P. J.",2169-8953,Journal of geophysical research: biogeosciences,"050206 Environmental Monitoring,040299 Geochemistry not elsewhere classified,050301 Carbon Sequestration Science,050206 Environmental Monitoring,040299 Geochemistry not elsewhere classified,050301 Carbon Sequestration Science",2017,4,2,3.395,,53,1,http://dro.deakin.edu.au/view/DU:30109355,FALSE
DU:30076251,"Novel endoperoxide antimalarials: synthesis, heme binding, and antimalarial activity",Journal Article,"Taylor, Dennis K.;Avery, Thomas D.;Greatrex, Ben W.;Tiekink, Edward R.T.;Macreadie, Ian G.;Macreadie, Peter I.;Humphries, Adam D.;Kalkanidis, Martha;Fox, Emma N.;Klonis, Nectarios;Tilley, Leann",0022-2623,Journal of medicinal chemistry,030503 Organic Chemical Synthesis,2004,36,32,6.259,2.432,163,0,http://dro.deakin.edu.au/view/DU:30076251,FALSE
DU:30070707,Effects of Pinna clams on benthic macrofauna and the possible implications of their removal from seagrass ecosystems,Journal Article,"Macreadie,PI;Kimbro,DL;Fourgerit,V;Leto,J;Hughes,AR",0260-1230,Journal of Molluscan Studies,"060205 Marine and Estuarine Ecology (incl Marine Ichthyology),060205 Marine and Estuarine Ecology (incl Marine Ichthyology)",2014,5,3,1.25,0.559,204,2,http://dro.deakin.edu.au/view/DU:30070707,FALSE
DU:30079200,Can macroalgae contribute to blue carbon? An Australian perspective,Journal Article,"Hill, Ross;Bellgrove, Alecia;Macreadie, Peter I.;Petrou, Katherina;Beardall, John;Steven, Andy;Ralph, Peter J.",0024-3590,Limnology and oceanography,"060701 Phycology (incl Marine Grasses),050102 Ecosystem Function,060205 Marine and Estuarine Ecology (incl Marine Ichthyology)",2015,25,23,3.383,1.712,243,2,http://dro.deakin.edu.au/view/DU:30079200,FALSE
DU:30108007,Soil organic carbon variability in Australian temperate freshwater wetlands,Journal Article,"Pearse, Alex L;Barton, Jan L;Lester, Rebecca E;Zawadzki, Atun;Macreadie, Peter I",0024-3590,Limnology and oceanography,"04 Earth Sciences,05 Environmental Sciences,06 Biological Sciences,04 Earth Sciences,05 Environmental Sciences,06 Biological Sciences",2018,0,0,3.383,1.712,57,2,http://dro.deakin.edu.au/view/DU:30108007,FALSE
DU:30069776,Detecting range shifts among Australian fishes in response to climate change,Journal Article,"Booth,DJ;Bond,N;Macreadie,P",1323-1650,Marine and freshwater research,060205 Marine and Estuarine Ecology (incl Marine Ichthyology),2011,65,57,1.757,0.711,245,2,http://dro.deakin.edu.au/view/DU:30069776,FALSE
DU:30069778,Edge patterns in aquatic invertebrates explained by predictive models,Journal Article,"Macreadie,PI;Connolly,RM;Jenkins,GP;Hindell,JS;Keough,MJ",1323-1650,Marine and freshwater research,060202 Community Ecology (excl Invasive Species Ecology),2010,12,13,1.757,0.711,224,1,http://dro.deakin.edu.au/view/DU:30069778,FALSE
DU:30072028,No detectable impact of small-scale disturbances on ‘blue carbon’ within seagrass beds,Journal Article,"Macreadie,PI;York,PH;Sherman,CDH;Keough,MJ;Ross,DJ;Ricart,AM;Smith,TM",0025-3162,Marine biology,060205 Marine and Estuarine Ecology (incl Marine Ichthyology),2014,18,17,2.136,1.198,241,2,http://dro.deakin.edu.au/view/DU:30072028,FALSE
DU:30082963,Fine-scale patterns of genetic variation in a widespread clonal seagrass species,Journal Article,"Sherman, Craig D.H.;York, Paul H.;Smith, Timothy M.;Macreadie, Peter I.",1432-1793,Marine biology,"060701 Phycology (incl Marine Grasses),06 Biological Sciences,05 Environmental Sciences",2016,6,5,2.136,1.198,206,2,http://dro.deakin.edu.au/view/DU:30082963,FALSE
DU:30082965,Recovery pathways from small-scale disturbance in a temperate Australian seagrass,Journal Article,"Smith, Timothy M.;York, Paul H.;Macreadie, Peter I.;Keough, Michael J.;Ross, D. Jeff;Sherman, Craig D.H.",0171-8630,Marine ecology progress series,"060701 Phycology (incl Marine Grasses),050102 Ecosystem Function,060205 Marine and Estuarine Ecology (incl Marine Ichthyology),0602 Ecology",2016,4,4,2.292,1.279,212,2,http://dro.deakin.edu.au/view/DU:30082965,FALSE
DU:30076236,Preference for feeding at habitat edges declines among juvenile blue crabs as oyster reef patchiness increases and predation risk grows,Journal Article,"Macreadie, Peter I.;Geraldi, Nathan R.;Peterson, Charles H.",0171-8630,Marine ecology progress series,"060205 Marine and Estuarine Ecology (incl Marine Ichthyology),060801 Animal Behaviour",2012,10,8,2.292,1.279,250,2,http://dro.deakin.edu.au/view/DU:30076236,FALSE
DU:30069781,Implications of climate change for macrophytic rafts and their hitchhikers,Journal Article,"Macreadie,PI;Bishop,MJ;Booth,DJ",0171-8630,Marine ecology progress series,060202 Community Ecology (excl Invasive Species Ecology),2011,20,16,2.292,1.279,196,2,http://dro.deakin.edu.au/view/DU:30069781,FALSE
DU:30076245,How small-scale variation in oyster reef patchiness influences predation on bivalves,Journal Article,"Macreadie, Peter I.;Geraldi, Nathan R.;Peterson, Charles H.",0171-8630,Marine ecology progress series,"060205 Marine and Estuarine Ecology (incl Marine Ichthyology),060801 Animal Behaviour",2011,6,4,2.292,1.279,178,2,http://dro.deakin.edu.au/view/DU:30076245,FALSE
DU:30076248,Denitrification measurements of sediments using cores and chambers,Journal Article,"Macreadie, Peter I.;Ross, D. Jeff;Longmore, Andrew R.;Keough, Michael J.",0171-8630,Marine ecology progress series,050304 Soil Chemistry (excl Carbon Sequestration Science),2006,4,,2.292,1.279,174,0,http://dro.deakin.edu.au/view/DU:30076248,FALSE
DU:30086244,Spatial variation in reproductive effort of a southern Australian seagrass,Journal Article,"Smith, Timothy M.;York, Paul H.;Macreadie, Peter I.;Keough, Michael J.;Ross, D. Jeff;Sherman, Craig D. H.",0141-1136,Marine environmental research,"060701 Phycology (incl Marine Grasses),060703 Plant Developmental and Reproductive Biology,050206 Environmental Monitoring",2016,4,5,3.101,1.092,188,1,http://dro.deakin.edu.au/view/DU:30086244,FALSE
DU:30089561,Molecular physiology reveals ammonium uptake and related gene expression in the seagrass Zostera muelleri,Journal Article,"Pernice, Mathieu;Sinutok, Sutinee;Sablok, Gaurav;Commault, Audrey S.;Schliep, Martin;Macreadie, Peter I.;Rasheed, Michael A.;Ralph, Peter J.",0141-1136,Marine environmental research,"060701 Phycology (incl Marine Grasses),03 Chemical Sciences,05 Environmental Sciences,06 Biological Sciences",2016,6,4,3.101,1.092,127,2,http://dro.deakin.edu.au/view/DU:30089561,FALSE
DU:30114701,Quantitative analysis of fish and invertebrate assemblage dynamics in association with a North Sea oil and gas installation complex,Journal Article,"Todd, Victoria L. G.;Lavallin, Edwad W.;Macreadie, Peter I.",0141-1136,Marine environmental research,"03 Chemical Sciences,05 Environmental Sciences,06 Biological Sciences",2018,0,,3.101,1.092,16,0,http://dro.deakin.edu.au/view/DU:30114701,FALSE
DU:30086244,Spatial variation in reproductive effort of a southern Australian seagrass,Journal Article,"Smith, Timothy M.;York, Paul H.;Macreadie, Peter I.;Keough, Michael J.;Ross, D. Jeff;Sherman, Craig D. H.",1879-0291,Marine environmental research,"060701 Phycology (incl Marine Grasses),060703 Plant Developmental and Reproductive Biology,050206 Environmental Monitoring",2016,4,5,3.101,1.092,188,1,http://dro.deakin.edu.au/view/DU:30086244,FALSE
DU:30114701,Quantitative analysis of fish and invertebrate assemblage dynamics in association with a North Sea oil and gas installation complex,Journal Article,"Todd, Victoria L. G.;Lavallin, Edwad W.;Macreadie, Peter I.",1879-0291,Marine environmental research,"03 Chemical Sciences,05 Environmental Sciences,06 Biological Sciences",2018,0,,3.101,1.092,16,0,http://dro.deakin.edu.au/view/DU:30114701,FALSE
DU:30076229,Using otolith microchemistry and shape to assess the habitat value of oil structures for reef fish,Journal Article,"Fowler, Ashley M.;Macreadie, Peter I.;Bishop, David P.;Booth, David J.",1879-0291,Marine environmental research,"050205 Environmental Management,03 Chemical Sciences,05 Environmental Sciences,06 Biological Sciences",2015,7,4,3.101,1.092,180,4,http://dro.deakin.edu.au/view/DU:30076229,FALSE
DU:30076228,Incorporating carbon footprints into seafood sustainability certification and eco-labels,Journal Article,"Madin, Elizabeth M.P.;Macreadie, Peter I.",0308-597X,Marine policy,"050205 Environmental Management,0502 Environmental Science And Management,1606 Political Science,1801 Law,050205 Environmental Management,0502 Environmental Science And Management,1606 Political Science,1801 Law",2015,12,10,2.235,1.335,189,16,http://dro.deakin.edu.au/view/DU:30076228,TRUE
DU:30093434,Effects of nutrient load on microbial activities within a seagrass-dominated ecosystem: implications of changes in seagrass blue carbon,Journal Article,"Liu, Songlin;Jiang, Zhijian;Wu, Yunchao;Zhang, Jingping;Arbi, Iman;Ye, Feng;Huang, Xiaoping;Macreadie, Peter Ian",0025-326X,Marine pollution bulletin,"050204 Environmental Impact Assessment,060701 Phycology (incl Marine Grasses),MD Multidisciplinary",2017,6,,3.146,1.302,155,1,http://dro.deakin.edu.au/view/DU:30093434,FALSE
DU:30076232,Renewables-to-reefs: participatory multicriteria decision analysis is required to optimize wind farm decommissioning,Journal Article,"Fowler, Ashley M.;Macreadie, Peter I.;Booth, David J.",1879-3363,Marine pollution bulletin,050205 Environmental Management,2015,1,,3.146,1.302,182,2,http://dro.deakin.edu.au/view/DU:30076232,FALSE
DU:30079932,Variability of sedimentary organic carbon in patchy seagrass landscapes,Journal Article,"Ricart, Aurora M.;York, Paul H.;Rasheed, Michael A.;Pérez, Marta;Romero, Javier;Bryant, Catherine V.;Macreadie, Peter I.",1879-3363,Marine pollution bulletin,060205 Marine and Estuarine Ecology (incl Marine Ichthyology),2015,30,18,3.146,1.302,178,2,http://dro.deakin.edu.au/view/DU:30079932,FALSE
DU:30093434,Effects of nutrient load on microbial activities within a seagrass-dominated ecosystem: implications of changes in seagrass blue carbon,Journal Article,"Liu, Songlin;Jiang, Zhijian;Wu, Yunchao;Zhang, Jingping;Arbi, Iman;Ye, Feng;Huang, Xiaoping;Macreadie, Peter Ian",1879-3363,Marine pollution bulletin,"050204 Environmental Impact Assessment,060701 Phycology (incl Marine Grasses),MD Multidisciplinary",2017,6,,3.146,1.302,155,1,http://dro.deakin.edu.au/view/DU:30093434,FALSE
DU:30072193,Quantifying and modelling the carbon sequestration capacity of seagrass meadows-a critical assessment,Journal Article,"Macreadie,PI;Baird,ME;Trevathan-Tackett,SM;Larkum,AW;Ralph,PJ",1879-3363,Marine pollution bulletin,060205 Marine and Estuarine Ecology (incl Marine Ichthyology),2014,71,52,3.146,1.302,244,3,http://dro.deakin.edu.au/view/DU:30072193,FALSE
DU:30103426,Pathogenic Labyrinthula associated with Australian seagrasses: considerations for seagrass wasting disease in the southern hemisphere,Journal Article,"Trevathan-Tackett, Stacey M.;Sullivan, Brooke K.;Robinson, Katie;Lilje, Osu;Macreadie, Peter I.;Gleason, Frank H.",0944-5013,Microbiological research,"060701 Phycology (incl Marine Grasses),060502 Infectious Agents,0605 Microbiology",2018,1,1,3.037,1.089,109,2,http://dro.deakin.edu.au/view/DU:30103426,FALSE
DU:30079559,Predators help protect carbon stocks in blue carbon ecosystems,Journal Article,"Atwood, Trisha B.;Connolly, Rod M.;Ritchie, Euan G.;Lovelock, Catherine E.;Heithaus, Michael R.;Hays, Graeme C.;Fourqurean, James W.;Macreadie, Peter I.",1758-678X,Nature climate change,060299 Ecology not elsewhere classified,2015,39,40,19.304,8.256,264,7,http://dro.deakin.edu.au/view/DU:30079559,FALSE
DU:30098472,Global patterns in mangrove soil carbon stocks and losses,Journal Article,"Atwood, Trisha B.;Connolly, Rod M.;Almahasheer, Hanan;Carnell, Paul E.;Duarte, Carlos M.;Ewers Lewis, Carolyn J.;Irigoien, Xabier;Kelleway, Jeffrey J.;Lavery, Paul S.;Macreadie, Peter I.;Serrano, Oscar;Sanders, Christian J.;Santos, Isaac;Steven, Andrew D. L.;Lovelock, Catherine E.",1758-678X,Nature climate change,"070504 Forestry Management and Environment,070501 Agroforestry",2017,44,38,19.304,8.256,147,2,http://dro.deakin.edu.au/view/DU:30098472,FALSE
DU:30105475,Author Correction: global patterns in mangrove soil carbon stocks and losses,Journal Article,"Atwood, Trisha B.;Connolly, Rod M.;Almahasheer, Hanan;Carnell, Paul E.;Duarte, Carlos M.;Ewers Lewis, Carolyn J.;Irigoien, Xabier;Kelleway, Jeffrey J.;Lavery, Paul S.;Macreadie, Peter I.;Serrano, Oscar;Sanders, Christian J.;Santos, Isaac;Steven, Andrew D. L.;Lovelock, Catherine E.",1758-678X,Nature climate change,,2018,0,,19.304,8.256,18,1,http://dro.deakin.edu.au/view/DU:30105475,FALSE
DU:30079559,Predators help protect carbon stocks in blue carbon ecosystems,Journal Article,"Atwood, Trisha B.;Connolly, Rod M.;Ritchie, Euan G.;Lovelock, Catherine E.;Heithaus, Michael R.;Hays, Graeme C.;Fourqurean, James W.;Macreadie, Peter I.",1758-6798,Nature climate change,060299 Ecology not elsewhere classified,2015,39,40,19.304,8.256,264,7,http://dro.deakin.edu.au/view/DU:30079559,FALSE
DU:30098472,Global patterns in mangrove soil carbon stocks and losses,Journal Article,"Atwood, Trisha B.;Connolly, Rod M.;Almahasheer, Hanan;Carnell, Paul E.;Duarte, Carlos M.;Ewers Lewis, Carolyn J.;Irigoien, Xabier;Kelleway, Jeffrey J.;Lavery, Paul S.;Macreadie, Peter I.;Serrano, Oscar;Sanders, Christian J.;Santos, Isaac;Steven, Andrew D. L.;Lovelock, Catherine E.",1758-6798,Nature climate change,"070504 Forestry Management and Environment,070501 Agroforestry",2017,44,38,19.304,8.256,147,2,http://dro.deakin.edu.au/view/DU:30098472,FALSE
DU:30105475,Author Correction: global patterns in mangrove soil carbon stocks and losses,Journal Article,"Atwood, Trisha B.;Connolly, Rod M.;Almahasheer, Hanan;Carnell, Paul E.;Duarte, Carlos M.;Ewers Lewis, Carolyn J.;Irigoien, Xabier;Kelleway, Jeffrey J.;Lavery, Paul S.;Macreadie, Peter I.;Serrano, Oscar;Sanders, Christian J.;Santos, Isaac;Steven, Andrew D. L.;Lovelock, Catherine E.",1758-6798,Nature climate change,,2018,0,,19.304,8.256,18,1,http://dro.deakin.edu.au/view/DU:30105475,FALSE
DU:30070708,A multi-criteria decision approach to decommissioning of offshore oil and gas infrastructure,Journal Article,"Fowler,AM;Macreadie,PI;Jones,DOB;Booth,DJ",0964-5691,Ocean and coastal management,060205 Marine and Estuarine Ecology (incl Marine Ichthyology),2014,43,20,1.861,0.887,252,1,http://dro.deakin.edu.au/view/DU:30070708,FALSE
DU:30076241,Integrating edge effects into studies of habitat fragmentation: a test using meiofauna in seagrass,Journal Article,"Warry, F.Y.;Hindell, J.S.;Macreadie, P.I.;Jenkins, G.P.;Connolly, Rod M.",1432-1939,Oecologia,"060202 Community Ecology (excl Invasive Species Ecology),0602 Ecology",2009,28,28,3.13,1.72,197,1,http://dro.deakin.edu.au/view/DU:30076241,FALSE
DU:30081858,Do ENSO and coastal development enhance coastal burial of terrestrial carbon?,Journal Article,"Macreadie, Peter I.;Rolph, Timothy C.;Boyd, Ron;Schröder-Adams, Claudia J.;Skilbeck, Charles G.",1932-6203,PLoS one,"050102 Ecosystem Function,050205 Environmental Management",2015,6,5,2.806,1.201,173,6,http://dro.deakin.edu.au/view/DU:30081858,TRUE
DU:30107577,Benthic meiofaunal community response to the cascading effects of herbivory within an algal halo system of the Great Barrier Reef,Journal Article,"Ollivier, Quinn R;Hammill, Edward;Booth, David J;Madin, Elizabeth MP;Hinchliffe, Charles;Harborne, Alastair R;Lovelock, Catherine E;Macreadie, Peter I;Atwood, Trisha B",1932-6203,PloS one,"MD Multidisciplinary,MD Multidisciplinary",2018,1,,2.806,1.201,60,11,http://dro.deakin.edu.au/view/DU:30107577,TRUE
DU:30076233,Physiological and morphological responses of the temperate seagrass Zostera muelleri to multiple stressors: investigating the interactive effects of light and temperature,Journal Article,"York, Paul H.;Gruber, Renee K.;Hill, Ross;Ralph, Peter J.;Booth, David J.;Macreadie, Peter I.",1932-6203,PLoS one,"060701 Phycology (incl Marine Grasses),050102 Ecosystem Function",2013,33,28,2.806,1.201,172,16,http://dro.deakin.edu.au/view/DU:30076233,TRUE
DU:30076234,Loss of 'blue carbon' from coastal salt marshes following habitat disturbance,Journal Article,"Macreadie, Peter I.;Hughes, A. Randall;Kimbro, David L.",1932-6203,PLoS one,"060701 Phycology (incl Marine Grasses),050102 Ecosystem Function,060205 Marine and Estuarine Ecology (incl Marine Ichthyology)",2013,37,30,2.806,1.201,169,11,http://dro.deakin.edu.au/view/DU:30076234,TRUE
DU:30076235,Restricting prey dispersal can overestimate the importance of predation in trophic cascades,Journal Article,"Geraldi, Nathan R.;Macreadie, Peter I.",1932-6203,PLoS one,"060202 Community Ecology (excl Invasive Species Ecology),060801 Animal Behaviour",2013,7,9,2.806,1.201,171,9,http://dro.deakin.edu.au/view/DU:30076235,TRUE
DU:30076231,Should we 'reef' obsolete oil platforms?,Journal Article,"Fowler, Ashley M.;Macreadie, Peter I.;Booth, David J.",1091-6490,Proceedings of the National Academy of Sciences of the United States of America,050205 Environmental Management,2015,14,,9.661,6.321,14,1,http://dro.deakin.edu.au/view/DU:30076231,FALSE
DU:30079914,Losses and recovery of organic carbon from a seagrass ecosystem following disturbance,Journal Article,"Macreadie, Peter I.;Trevathan-Tackett, Stacey M.;Skilbeck, Charles G.;Sanderman, Jonathan;Curlevski, Nathalie;Jacobsen, Gerladine;Seymour, Justin R.",1471-2954,Proceedings of the Royal Society B : biological sciences,"060205 Marine and Estuarine Ecology (incl Marine Ichthyology),06 Biological Sciences,11 Medical And Health Sciences,07 Agricultural And Veterinary Sciences",2015,31,21,4.94,2.541,173,2,http://dro.deakin.edu.au/view/DU:30079914,FALSE
DU:30088153,Converting beach-cast seagrass wrack into biochar: a climate-friendly solution to a coastal problem,Journal Article,"Macreadie, Peter I.;Trevathan-Tackett, Stacey M.;Baldock, Jeffrey A.;Kelleway, Jeffrey J.",0048-9697,Science of the total environment,"050205 Environmental Management,060701 Phycology (incl Marine Grasses),MD Multidisciplinary",2017,3,,4.9,1.621,160,1,http://dro.deakin.edu.au/view/DU:30088153,FALSE
DU:30105622,Fresh carbon inputs to seagrass sediments induce variable microbial priming responses,Journal Article,"Trevathan-Tackett, Stacey M.;Thomson, Alexandra C. G.;Ralph, Peter J.;Macreadie, Peter I.",0048-9697,Science of the total environment,MD Multidisciplinary,2018,6,,4.9,1.621,66,2,http://dro.deakin.edu.au/view/DU:30105622,FALSE
DU:30106893,Early stage litter decomposition across biomes,Journal Article,"Djukic, Ika;Kepfer-Rojas, Sebastian;Schmidt, Inger Kappel;Larsen, Klaus Steenberg;Beier, Claus;Berg, Björn;Verheyen, Kris;Caliman, Adriano;Paquette, Alain;Gutiérrez-Girón, Alba;Humber, Alberto;Valdecantos, Alejandro;Petraglia, Alessandro;Alexander, Heather;Augustaitis, Algirdas;Saillard, Amélie;Fernández, Ana Carolina Ruiz;Sousa, Ana I.;Trevathan-Trackett, Stacey;Macreadie, Peter",0048-9697,Science of the total environment,MD Multidisciplinary,2018,9,6,4.9,1.621,86,5,http://dro.deakin.edu.au/view/DU:30106893,FALSE
DU:30108001,"Eyes in the sea: unlocking the mysteries of the ocean using industrial, remotely operated vehicles (ROVs)",Journal Article,"Macreadie, Peter I.;McLean, Dianne L.;Thomson, Paul G.;Partridge, Julian C.;Jones, Daniel O.B.;Gates, Andrew R.;Benfield, Mark C.;Collin, Shaun P.;Booth, David J.;Smith, Luke L.;Techera, Erika;Skropeta, Danielle;Horton, Tammy;Pattiaratchi, Charitha;Bond, Todd;Fowler, Ashley M.",0048-9697,Science of the total environment,MD Multidisciplinary,2018,3,,4.9,1.621,85,2,http://dro.deakin.edu.au/view/DU:30108001,FALSE
DU:30117106,Decommissioning of offshore oil and gas structures – Environmental opportunities and challenges,Journal Article,"Sommer, B;Fowler, AM;Macreadie, Peter;Palandro, DA;Aziz, AC;Booth, DJ",0048-9697,Science of the Total Environment,MD Multidisciplinary,2019,,,4.9,1.621,0,0,http://dro.deakin.edu.au/view/DU:30117106,FALSE
DU:30088153,Converting beach-cast seagrass wrack into biochar: a climate-friendly solution to a coastal problem,Journal Article,"Macreadie, Peter I.;Trevathan-Tackett, Stacey M.;Baldock, Jeffrey A.;Kelleway, Jeffrey J.",1879-1026,Science of the total environment,"050205 Environmental Management,060701 Phycology (incl Marine Grasses),MD Multidisciplinary",2017,3,,4.9,1.621,160,1,http://dro.deakin.edu.au/view/DU:30088153,FALSE
DU:30096890,Sediment microbes mediate the impact of nutrient loading on blue carbon sequestration by mixed seagrass meadows,Journal Article,"Liu, Songlin;Jiang, Zhijian;Zhang, Jingping;Wu, Yunchao;Huang, Xiaoping;Macreadie, Peter I.",1879-1026,Science of the total environment,"050301 Carbon Sequestration Science,060701 Phycology (incl Marine Grasses),MD Multidisciplinary",2017,3,,4.9,1.621,132,2,http://dro.deakin.edu.au/view/DU:30096890,FALSE
DU:30105622,Fresh carbon inputs to seagrass sediments induce variable microbial priming responses,Journal Article,"Trevathan-Tackett, Stacey M.;Thomson, Alexandra C. G.;Ralph, Peter J.;Macreadie, Peter I.",1879-1026,Science of the total environment,MD Multidisciplinary,2018,6,,4.9,1.621,66,2,http://dro.deakin.edu.au/view/DU:30105622,FALSE
DU:30106893,Early stage litter decomposition across biomes,Journal Article,"Djukic, Ika;Kepfer-Rojas, Sebastian;Schmidt, Inger Kappel;Larsen, Klaus Steenberg;Beier, Claus;Berg, Björn;Verheyen, Kris;Caliman, Adriano;Paquette, Alain;Gutiérrez-Girón, Alba;Humber, Alberto;Valdecantos, Alejandro;Petraglia, Alessandro;Alexander, Heather;Augustaitis, Algirdas;Saillard, Amélie;Fernández, Ana Carolina Ruiz;Sousa, Ana I.;Trevathan-Trackett, Stacey;Macreadie, Peter",1879-1026,Science of the total environment,MD Multidisciplinary,2018,9,6,4.9,1.621,86,5,http://dro.deakin.edu.au/view/DU:30106893,FALSE
DU:30108001,"Eyes in the sea: unlocking the mysteries of the ocean using industrial, remotely operated vehicles (ROVs)",Journal Article,"Macreadie, Peter I.;McLean, Dianne L.;Thomson, Paul G.;Partridge, Julian C.;Jones, Daniel O.B.;Gates, Andrew R.;Benfield, Mark C.;Collin, Shaun P.;Booth, David J.;Smith, Luke L.;Techera, Erika;Skropeta, Danielle;Horton, Tammy;Pattiaratchi, Charitha;Bond, Todd;Fowler, Ashley M.",1879-1026,Science of the total environment,MD Multidisciplinary,2018,3,,4.9,1.621,85,2,http://dro.deakin.edu.au/view/DU:30108001,FALSE
DU:30117106,Decommissioning of offshore oil and gas structures – Environmental opportunities and challenges,Journal Article,"Sommer, B;Fowler, AM;Macreadie, Peter;Palandro, DA;Aziz, AC;Booth, DJ",1879-1026,Science of the Total Environment,MD Multidisciplinary,2019,,,4.9,1.621,0,0,http://dro.deakin.edu.au/view/DU:30117106,FALSE
DU:30092395,Carbon sequestration by Australian tidal marshes,Journal Article,"Macreadie, Peter I.;Ollivier, Q.R.;Kelleway, J.J.;Serrano, O.;Carnell, P.E.;Ewers Lewis, C.J.;Atwood, T.B.;Sanderman, J.;Baldock, J.;Connolly, R.M.;Duarte, C.M.;Lavery, P.S.;Steven, A.;Lovelock, C.E.",2045-2322,Scientific reports,"050205 Environmental Management,050301 Carbon Sequestration Science,060205 Marine and Estuarine Ecology (incl Marine Ichthyology),050205 Environmental Management,050301 Carbon Sequestration Science,060205 Marine and Estuarine Ecology (incl Marine Ichthyology)",2017,19,17,4.259,1.625,137,111,http://dro.deakin.edu.au/view/DU:30092395,TRUE
DU:30115724,Blue carbon in coastal landscapes: a spatial framework for assessment of stocks and additionality,Journal Article,"Rogers, K;Macreadie, Peter;Kelleway, JJ;Saintilan, N",1862-4057,Sustainability Science,"MD Multidisciplinary,MD Multidisciplinary",2018,,,3.429,1.096,0,0,http://dro.deakin.edu.au/view/DU:30115724,FALSE
DU:30076242,"Design of 1,2-dioxines with anti-Candida activity: aromatic substituted 1,2-dioxines",Journal Article,"Macreadie, Ian G.;Avery, Thomas D.;Robinson, Tony V.;Macreadie, Peter;Barraclough, Miles;Taylor, Dennis K.;Tiekink, Edward R.T.",0040-4020,Tetrahedron,030503 Organic Chemical Synthesis,2008,8,,2.651,0.907,166,1,http://dro.deakin.edu.au/view/DU:30076242,FALSE
DU:30083086,Can mud (silt and clay) concentration be used to predict soil organic carbon content within seagrass ecosystems?,Journal Article,"Serrano, Oscar;Lavery, Paul S.;Duarte, Carlos M.;Kendrick, Gary A.;Calafat, Antoni;York, Paul;Steven, Andy;Macreadie, Peter",1810-6285,Biogeosciences,"060205 Marine and Estuarine Ecology (incl Marine Ichthyology),060701 Phycology (incl Marine Grasses)",2016,,14,,0.17,168,120,http://dro.deakin.edu.au/view/DU:30083086,TRUE
DU:30108005,New tools to identify the location of seagrass meadows: marine grazers as habitat indicators,Journal Article,"Hays, Graeme C.;Alcoverro, Teresa;Christianen, Marjolijn J. A.;Duarte, Carlos M.;Hamann, Mark;Macreadie, Peter I.;Marsh, Helene D.;Rasheed, Michael A.;Thums, Michele;Unsworth, Richard K. F.;York, Paul H.;Esteban, Nicole",2296-7745,Frontiers in marine science,,2018,1,,,0.173,88,12,http://dro.deakin.edu.au/view/DU:30108005,TRUE
DU:30076230,Holocene record of Tuggerah Lake estuary development on the Australian east coast: sedimentary responses to sea-level fluctuations and climate variability,Journal Article,"Macreadie, Peter I.;Rolph, Timothy C.;Schröder-Adams, Claudia;Boyd, Ron;Skilbeck, Charles G.",2214-2428,GeoResJ,060205 Marine and Estuarine Ecology (incl Marine Ichthyology),2015,3,,,0.615,195,13,http://dro.deakin.edu.au/view/DU:30076230,TRUE
DU:30096893,Sediment sampling in estuaries: site selection and sampling techniques,Book Chapter,"Skilbeck, C. Gregory;Trevathan-Tackett, Stacey;Apichanangkool, Pemika;Macreadie, Peter I.",,Applications of paleoenvironmental techniques in estuarine studies,"060205 Marine and Estuarine Ecology (incl Marine Ichthyology),050203 Environmental Education and Extension",2017,,1,,,149,1,http://dro.deakin.edu.au/view/DU:30096893,FALSE
DU:30103150,Commentary: evaluating the role of seagrass in cenozoic CO₂ variations,Journal Article,"Macreadie, Peter;Serrano, Oscar;Duarte, Carlos M.;Beardall, John;Maher, Damien",,Frontiers in environmental science,"050206 Environmental Monitoring,050205 Environmental Management",2017,2,,,,8,4,http://dro.deakin.edu.au/view/DU:30103150,TRUE
DU:30103452,Seagrass resilience in Port Phillip Bay: final report to the seagrass and reefs program for Port Phillip Bay,Report,"Jenkins, GP;Keough, MJ;Ball, D;Cook, P;Ferguson, A;Gay, J;Hirst, Alastair;Lee, R;Longmore, A;Macreadie, Peter;Nayar, S;Sherman, Craig;Smith, Timothy;Ross, J;York, P",,,060701 Phycology (incl Marine Grasses),2015,,,,,19,2,http://dro.deakin.edu.au/view/DU:30103452,FALSE
DU:30108119,"Seagrasses and macroalgae: importance, vulnerability and impacts",Book Chapter,"Bellgrove, Alecia;Macreadie, Peter;Jarvis, Jessie;Trevathan-Tackett, Stacey",,Climate change impacts on fisheries and aquaculture a global analysis,,2018,,,,,71,1,http://dro.deakin.edu.au/view/DU:30108119,FALSE
DU:30117108,"Understanding the global scientific value of industry ROV data, to quantify marine ecology and guide offshore decommissioning strategies",Conference Paper,"McLean, DL;Macreadie, Peter;White, DJ;Thomson, PG;Fowler, A;Gates, AR;Benfield, M;Horton, T;Skropeta, D;Bond, T;Booth, DJ;Techera, E;Pattiaratchi, C;Collin, SP;Jones, DOB;Smith, L;Partridge, JC",,"Offshore Technology Conference Asia 2018, OTCA 2018",,2018,,,,,0,0,http://dro.deakin.edu.au/view/DU:30117108,FALSE
DU:30114048,Predators shape sedimentary organic carbon storage in a coral reef ecosystem,Journal Article,"Atwood, Trisha B.;Madin, Elizabeth M. P.;Harborne, Alastair R.;Hammill, Edd;Luiz, Osmar J.;Ollivier, Quinn R.;Roelfsema, Chris M.;Macreadie, Peter I.;Lovelock, Catherine E.",,Frontiers in ecology and evolution,,2018,2,,,,16,4,http://dro.deakin.edu.au/view/DU:30114048,TRUE
DU:30049271,Effects of moderate nutrient enrichment on seagrass trophic pathways,Conference Paper,"York, Paul;Booth, David;Macreadie, Peter;Kelaher, Brendan",,AMSA-NZMSS 2012 : Marine & everything in between extremes : Proceedings of the 2012 Australian Marine Sciences Association and New Zealand Marine Sciences Society Conference,059999 Environmental Sciences not elsewhere classified,2012,,,,,46,2,http://dro.deakin.edu.au/view/DU:30049271,FALSE
